-- --------------------------------------------------------
-- Servidor:                     127.0.0.1
-- Versão do servidor:           8.2.0 - MySQL Community Server - GPL
-- OS do Servidor:               Win64
-- HeidiSQL Versão:              12.4.0.6659
-- --------------------------------------------------------

/*!40101 SET @OLD_CHARACTER_SET_CLIENT=@@CHARACTER_SET_CLIENT */;
/*!40101 SET NAMES utf8 */;
/*!50503 SET NAMES utf8mb4 */;
/*!40103 SET @OLD_TIME_ZONE=@@TIME_ZONE */;
/*!40103 SET TIME_ZONE='+00:00' */;
/*!40014 SET @OLD_FOREIGN_KEY_CHECKS=@@FOREIGN_KEY_CHECKS, FOREIGN_KEY_CHECKS=0 */;
/*!40101 SET @OLD_SQL_MODE=@@SQL_MODE, SQL_MODE='NO_AUTO_VALUE_ON_ZERO' */;
/*!40111 SET @OLD_SQL_NOTES=@@SQL_NOTES, SQL_NOTES=0 */;


-- Copiando estrutura do banco de dados para escolaoctogono
CREATE DATABASE IF NOT EXISTS `escolaoctogono` /*!40100 DEFAULT CHARACTER SET utf8mb3 */ /*!80016 DEFAULT ENCRYPTION='N' */;
USE `escolaoctogono`;

-- Copiando estrutura para tabela escolaoctogono.aluno
CREATE TABLE IF NOT EXISTS `aluno` (
  `idAluno` int NOT NULL AUTO_INCREMENT,
  `nome` varchar(255) NOT NULL,
  `ra` varchar(7) NOT NULL,
  PRIMARY KEY (`idAluno`)
) ENGINE=MyISAM AUTO_INCREMENT=101 DEFAULT CHARSET=utf8mb3;

-- Copiando dados para a tabela escolaoctogono.aluno: 100 rows
DELETE FROM `aluno`;
/*!40000 ALTER TABLE `aluno` DISABLE KEYS */;
INSERT INTO `aluno` (`idAluno`, `nome`, `ra`) VALUES
	(1, 'Bruno Ribeiro Rodrigues Rocha', '2400100'),
	(2, 'Felipe Siqueira Moura', '2400001'),
	(3, 'Sofia Martins Cardoso Pereira', '2400002'),
	(4, 'Ian Barros Barbosa', '2400003'),
	(5, 'Heitor Castro Lima Ribeiro', '2400004'),
	(6, 'Zilda Lima Mendes', '2400005'),
	(7, 'Davi Pereira Cavalcanti', '2400006'),
	(8, 'Marina Dias Freitas', '2400007'),
	(9, 'Gael Rocha Souza', '2400008'),
	(10, 'Patrícia Almeida Silva', '2400009'),
	(11, 'Laura Siqueira Oliveira', '2400010'),
	(12, 'Renato Moura Santos', '2400011'),
	(13, 'Isabella Barbosa Fernandes', '2400012'),
	(14, 'Miguel Almeida Campos', '2400013'),
	(15, 'Vicente Carvalho Ribeiro', '2400014'),
	(16, 'Manuela Barros Souza', '2400015'),
	(17, 'Helena Pinto Oliveira', '2400016'),
	(18, 'Júlia Siqueira Castro', '2400017'),
	(19, 'Mariana Pereira Rocha', '2400018'),
	(20, 'Vitor Moura Santos', '2400019'),
	(21, 'Kevin Silva Dias', '2400020'),
	(22, 'Larissa Martins Cavalcanti', '2400021'),
	(23, 'Leonardo Siqueira Almeida', '2400022'),
	(24, 'Márcia Oliveira Santos', '2400023'),
	(25, 'Natalia Rodrigues Lima', '2400024'),
	(26, 'Oscar Souza Ribeiro', '2400025'),
	(27, 'Patrícia Pereira Moura', '2400026'),
	(28, 'Renato Barros Silva', '2400027'),
	(29, 'Silvia Castro Fernandes', '2400028'),
	(30, 'Thais Lima Campos', '2400029'),
	(31, 'Ursula Siqueira Barbosa', '2400030'),
	(32, 'Vera Pereira Santos', '2400031'),
	(33, 'William Rocha Carvalho', '2400032'),
	(34, 'Xuxa Mendes Dias', '2400033'),
	(35, 'Yago Almeida Pereira', '2400034'),
	(36, 'Zilda Cavalcanti Souza', '2400035'),
	(37, 'Alex Barros Ribeiro', '2400036'),
	(38, 'Anderson Silva Martins', '2400037'),
	(39, 'Antônia Oliveira Lima', '2400038'),
	(40, 'Aurora Pereira Moura', '2400039'),
	(41, 'Bianca Rodrigues Souza', '2400040'),
	(42, 'Caio Siqueira Almeida', '2400041'),
	(43, 'Camila Oliveira Santos', '2400042'),
	(44, 'Diogo Pereira Moura', '2400043'),
	(45, 'Elias Barros Silva', '2400044'),
	(46, 'Elis Castro Fernandes', '2400045'),
	(47, 'Fabiana Lima Campos', '2400046'),
	(48, 'Gabriela Siqueira Barbosa', '2400047'),
	(49, 'Ícaro Pereira Santos', '2400048'),
	(50, 'Jade Rocha Carvalho', '2400049'),
	(51, 'Joana Mendes Dias', '2400050'),
	(52, 'Kevin Almeida Pereira', '2400051'),
	(53, 'Larissa Cavalcanti Souza', '2400052'),
	(54, 'Leonardo Barros Ribeiro', '2400053'),
	(55, 'Márcia Silva Martins', '2400054'),
	(56, 'Natalia Oliveira Lima', '2400055'),
	(57, 'Oscar Pereira Moura', '2400056'),
	(58, 'Patrícia Barros Silva', '2400057'),
	(59, 'Renato Castro Fernandes', '2400058'),
	(60, 'Silvia Lima Campos', '2400059'),
	(61, 'Thais Siqueira Barbosa', '2400060'),
	(62, 'Ursula Pereira Santos', '2400061'),
	(63, 'Vera Rocha Carvalho', '2400062'),
	(64, 'William Mendes Dias', '2400063'),
	(65, 'Xuxa Almeida Pereira', '2400064'),
	(66, 'Yago Cavalcanti Souza', '2400065'),
	(67, 'Zilda Barros Ribeiro', '2400066'),
	(68, 'Alex Silva Martins', '2400067'),
	(69, 'Anderson Oliveira Lima', '2400068'),
	(70, 'Antônia Pereira Moura', '2400069'),
	(71, 'Aurora Barros Silva', '2400070'),
	(72, 'Bianca Castro Fernandes', '2400071'),
	(73, 'Caio Lima Campos', '2400072'),
	(74, 'Camila Siqueira Barbosa', '2400073'),
	(75, 'Diogo Pereira Santos', '2400074'),
	(76, 'Elias Rocha Carvalho', '2400075'),
	(77, 'Elis Mendes Dias', '2400076'),
	(78, 'Fabiana Almeida Pereira', '2400077'),
	(79, 'Gabriela Cavalcanti Souza', '2400078'),
	(80, 'Ícaro Barros Ribeiro', '2400079'),
	(81, 'Jade Silva Martins', '2400080'),
	(82, 'Joana Oliveira Lima', '2400081'),
	(83, 'Kevin Pereira Moura', '2400082'),
	(84, 'Larissa Barros Silva', '2400083'),
	(85, 'Leonardo Castro Fernandes', '2400084'),
	(86, 'Márcia Lima Campos', '2400085'),
	(87, 'Natalia Siqueira Barbosa', '2400086'),
	(88, 'Oscar Pereira Santos', '2400087'),
	(89, 'Patrícia Rocha Carvalho', '2400088'),
	(90, 'Renato Mendes Dias', '2400089'),
	(91, 'Silvia Almeida Pereira', '2400090'),
	(92, 'Thais Cavalcanti Souza', '2400091'),
	(93, 'Ursula Barros Ribeiro', '2400092'),
	(94, 'Vera Silva Martins', '2400093'),
	(95, 'William Oliveira Lima', '2400094'),
	(96, 'Xuxa Pereira Moura', '2400095'),
	(97, 'Yago Barros Silva', '2400096'),
	(98, 'Zilda Castro Fernandes', '2400097'),
	(99, 'Alex Lima Campos', '2400098'),
	(100, 'Anderson Siqueira Barbosa', '2400099');
/*!40000 ALTER TABLE `aluno` ENABLE KEYS */;

-- Copiando estrutura para tabela escolaoctogono.aula
CREATE TABLE IF NOT EXISTS `aula` (
  `idAula` int NOT NULL AUTO_INCREMENT,
  `idTurma` int NOT NULL,
  `idProfessor` int NOT NULL,
  `data` date NOT NULL,
  `periodo` enum('manha','tarde') NOT NULL DEFAULT 'manha',
  `conteudo` text,
  PRIMARY KEY (`idAula`)
) ENGINE=MyISAM AUTO_INCREMENT=17 DEFAULT CHARSET=utf8mb3;

-- Copiando dados para a tabela escolaoctogono.aula: 16 rows
DELETE FROM `aula`;
/*!40000 ALTER TABLE `aula` DISABLE KEYS */;
INSERT INTO `aula` (`idAula`, `idTurma`, `idProfessor`, `data`, `periodo`, `conteudo`) VALUES
	(1, 1, 2, '2024-03-31', 'tarde', 'teste'),
	(2, 1, 2, '2024-03-31', 'manha', 'teste 1'),
	(3, 2, 4, '2024-03-31', 'manha', 'teste 1'),
	(4, 3, 5, '2024-03-31', 'manha', 'teste 1'),
	(5, 4, 6, '2024-03-31', 'manha', 'teste 1'),
	(6, 5, 7, '2024-03-31', 'manha', 'teste 1'),
	(7, 1, 1, '2024-03-31', 'manha', 'teste 1'),
	(8, 2, 1, '2024-03-31', 'manha', 'teste 1'),
	(9, 3, 1, '2024-03-31', 'manha', 'teste 1'),
	(10, 4, 1, '2024-03-31', 'manha', 'teste 1'),
	(11, 5, 1, '2024-03-31', 'manha', 'teste 1'),
	(12, 1, 3, '2024-03-31', 'manha', 'teste 1'),
	(13, 2, 3, '2024-03-31', 'manha', 'teste 1'),
	(14, 3, 3, '2024-03-31', 'manha', 'teste 1'),
	(15, 4, 3, '2024-03-31', 'manha', 'teste 1'),
	(16, 5, 3, '2024-03-31', 'manha', 'teste 1');
/*!40000 ALTER TABLE `aula` ENABLE KEYS */;

-- Copiando estrutura para tabela escolaoctogono.disciplina
CREATE TABLE IF NOT EXISTS `disciplina` (
  `idDisciplina` int NOT NULL AUTO_INCREMENT,
  `materia` varchar(50) NOT NULL,
  PRIMARY KEY (`idDisciplina`)
) ENGINE=MyISAM AUTO_INCREMENT=4 DEFAULT CHARSET=utf8mb3;

-- Copiando dados para a tabela escolaoctogono.disciplina: 3 rows
DELETE FROM `disciplina`;
/*!40000 ALTER TABLE `disciplina` DISABLE KEYS */;
INSERT INTO `disciplina` (`idDisciplina`, `materia`) VALUES
	(1, 'GERAL'),
	(2, 'ED. FÍSICA'),
	(3, 'INGLÊS');
/*!40000 ALTER TABLE `disciplina` ENABLE KEYS */;

-- Copiando estrutura para tabela escolaoctogono.matricula
CREATE TABLE IF NOT EXISTS `matricula` (
  `idMatricula` int NOT NULL AUTO_INCREMENT,
  `idAluno` int NOT NULL,
  `idSerie` int NOT NULL,
  `idTurma` int DEFAULT NULL,
  `chamada` int DEFAULT NULL,
  PRIMARY KEY (`idMatricula`),
  KEY `FK_matricula_aluno` (`idAluno`),
  KEY `FK_matricula_serie` (`idSerie`)
) ENGINE=MyISAM AUTO_INCREMENT=101 DEFAULT CHARSET=utf8mb3;

-- Copiando dados para a tabela escolaoctogono.matricula: 100 rows
DELETE FROM `matricula`;
/*!40000 ALTER TABLE `matricula` DISABLE KEYS */;
INSERT INTO `matricula` (`idMatricula`, `idAluno`, `idSerie`, `idTurma`, `chamada`) VALUES
	(1, 1, 4, 4, 3),
	(2, 2, 5, 5, 6),
	(3, 3, 1, 1, 16),
	(4, 4, 2, 2, 7),
	(5, 5, 1, 1, 7),
	(6, 6, 5, 5, 20),
	(7, 7, 4, 4, 5),
	(8, 8, 3, 3, 10),
	(9, 9, 2, 2, 6),
	(10, 10, 1, 1, 12),
	(11, 11, 4, 4, 12),
	(12, 12, 3, 3, 13),
	(13, 13, 5, 5, 8),
	(14, 14, 2, 2, 13),
	(15, 15, 1, 1, 18),
	(16, 16, 3, 3, 8),
	(17, 17, 4, 4, 8),
	(18, 18, 5, 5, 9),
	(19, 19, 2, 2, 12),
	(20, 20, 1, 1, 19),
	(21, 21, 3, 3, 7),
	(22, 22, 4, 4, 11),
	(23, 23, 5, 5, 12),
	(24, 24, 1, 1, 11),
	(25, 25, 2, 2, 14),
	(26, 26, 3, 3, 12),
	(27, 27, 4, 4, 15),
	(28, 28, 5, 5, 15),
	(29, 29, 1, 1, 15),
	(30, 30, 2, 2, 17),
	(31, 31, 3, 3, 16),
	(32, 32, 4, 4, 18),
	(33, 33, 5, 5, 18),
	(34, 34, 1, 1, 21),
	(35, 35, 2, 2, 20),
	(36, 36, 3, 3, 19),
	(37, 37, 4, 4, 1),
	(38, 38, 5, 5, 2),
	(39, 39, 1, 1, 3),
	(40, 40, 2, 2, 3),
	(41, 41, 3, 3, 2),
	(42, 42, 4, 4, 4),
	(43, 43, 5, 5, 4),
	(44, 44, 1, 1, 5),
	(45, 45, 2, 2, 5),
	(46, 46, 3, 3, 4),
	(47, 47, 4, 4, 7),
	(48, 48, 5, 5, 7),
	(49, 49, 1, 1, 8),
	(50, 50, 2, 2, 9),
	(51, 51, 3, 3, 6),
	(52, 52, 4, 4, 10),
	(53, 53, 5, 5, 11),
	(54, 54, 1, 1, 10),
	(55, 55, 2, 2, 11),
	(56, 56, 3, 3, 11),
	(57, 57, 4, 4, 14),
	(58, 58, 5, 5, 14),
	(59, 59, 1, 1, 14),
	(60, 60, 2, 2, 16),
	(61, 61, 3, 3, 15),
	(62, 62, 4, 4, 17),
	(63, 63, 5, 5, 17),
	(64, 64, 1, 1, 20),
	(65, 65, 2, 2, 19),
	(66, 66, 3, 3, 18),
	(67, 67, 4, 4, 20),
	(68, 68, 5, 5, 1),
	(69, 69, 1, 1, 2),
	(70, 70, 2, 2, 2),
	(71, 71, 3, 3, 1),
	(72, 72, 4, 4, 2),
	(73, 73, 5, 5, 3),
	(74, 74, 1, 1, 4),
	(75, 75, 2, 2, 4),
	(76, 76, 3, 3, 3),
	(77, 77, 4, 4, 6),
	(78, 78, 5, 5, 5),
	(79, 79, 1, 1, 6),
	(80, 80, 2, 2, 8),
	(81, 81, 3, 3, 5),
	(82, 82, 4, 4, 9),
	(83, 83, 5, 5, 10),
	(84, 84, 1, 1, 9),
	(85, 85, 2, 2, 10),
	(86, 86, 3, 3, 9),
	(87, 87, 4, 4, 13),
	(88, 88, 5, 5, 13),
	(89, 89, 1, 1, 13),
	(90, 90, 2, 2, 15),
	(91, 91, 3, 3, 14),
	(92, 92, 4, 4, 16),
	(93, 93, 5, 5, 16),
	(94, 94, 1, 1, 17),
	(95, 95, 2, 2, 18),
	(96, 96, 3, 3, 17),
	(97, 97, 4, 4, 19),
	(98, 98, 5, 5, 19),
	(99, 99, 1, 1, 1),
	(100, 100, 2, 2, 1);
/*!40000 ALTER TABLE `matricula` ENABLE KEYS */;

-- Copiando estrutura para tabela escolaoctogono.professor
CREATE TABLE IF NOT EXISTS `professor` (
  `idProfessor` int NOT NULL AUTO_INCREMENT,
  `nome` varchar(250) NOT NULL,
  `ativo` enum('A','I') NOT NULL DEFAULT 'A',
  PRIMARY KEY (`idProfessor`)
) ENGINE=MyISAM AUTO_INCREMENT=8 DEFAULT CHARSET=utf8mb3;

-- Copiando dados para a tabela escolaoctogono.professor: 7 rows
DELETE FROM `professor`;
/*!40000 ALTER TABLE `professor` DISABLE KEYS */;
INSERT INTO `professor` (`idProfessor`, `nome`, `ativo`) VALUES
	(1, 'Paulo Ferreira', 'A'),
	(2, 'Ana Beatriz SouzaAna Beatriz Souza', 'A'),
	(3, 'Carlos Eduardo Lima', 'A'),
	(4, 'Marcela Gonçalves', 'A'),
	(5, 'Roberto Carlos Silva', 'A'),
	(6, 'Juliana Moraes', 'A'),
	(7, 'Thiago Pereira', 'A');
/*!40000 ALTER TABLE `professor` ENABLE KEYS */;

-- Copiando estrutura para tabela escolaoctogono.professor_disciplina
CREATE TABLE IF NOT EXISTS `professor_disciplina` (
  `idProfDisciplina` int NOT NULL AUTO_INCREMENT,
  `idProfessor` int NOT NULL,
  `idDisciplina` int NOT NULL,
  PRIMARY KEY (`idProfDisciplina`),
  KEY `FK_professor_disciplina_disciplina` (`idDisciplina`),
  KEY `FK_professor_disciplina_professor` (`idProfessor`)
) ENGINE=MyISAM AUTO_INCREMENT=8 DEFAULT CHARSET=utf8mb3;

-- Copiando dados para a tabela escolaoctogono.professor_disciplina: 7 rows
DELETE FROM `professor_disciplina`;
/*!40000 ALTER TABLE `professor_disciplina` DISABLE KEYS */;
INSERT INTO `professor_disciplina` (`idProfDisciplina`, `idProfessor`, `idDisciplina`) VALUES
	(1, 1, 2),
	(2, 2, 1),
	(3, 3, 3),
	(4, 4, 1),
	(5, 5, 1),
	(6, 6, 1),
	(7, 7, 1);
/*!40000 ALTER TABLE `professor_disciplina` ENABLE KEYS */;

-- Copiando estrutura para tabela escolaoctogono.registro_presenca
CREATE TABLE IF NOT EXISTS `registro_presenca` (
  `idRegistroPresenca` int NOT NULL AUTO_INCREMENT,
  `idMatricula` int NOT NULL,
  `idAula` int NOT NULL,
  `presenca` enum('P','F') NOT NULL,
  PRIMARY KEY (`idRegistroPresenca`),
  KEY `FK_registro_presenca_aula` (`idAula`),
  KEY `FK_registro_presenca_aluno` (`idMatricula`) USING BTREE
) ENGINE=MyISAM AUTO_INCREMENT=323 DEFAULT CHARSET=utf8mb3;

-- Copiando dados para a tabela escolaoctogono.registro_presenca: 321 rows
DELETE FROM `registro_presenca`;
/*!40000 ALTER TABLE `registro_presenca` DISABLE KEYS */;
INSERT INTO `registro_presenca` (`idRegistroPresenca`, `idMatricula`, `idAula`, `presenca`) VALUES
	(1, 1, 15, 'P'),
	(2, 1, 10, 'P'),
	(3, 1, 5, 'P'),
	(4, 2, 16, 'P'),
	(5, 2, 11, 'F'),
	(6, 2, 6, 'F'),
	(7, 3, 12, 'P'),
	(8, 3, 7, 'F'),
	(9, 3, 2, 'F'),
	(10, 3, 1, 'F'),
	(11, 4, 13, 'P'),
	(12, 4, 8, 'P'),
	(13, 4, 3, 'P'),
	(14, 5, 12, 'F'),
	(15, 5, 7, 'P'),
	(16, 5, 2, 'F'),
	(17, 5, 1, 'P'),
	(18, 6, 16, 'P'),
	(19, 6, 11, 'P'),
	(20, 6, 6, 'F'),
	(21, 7, 15, 'P'),
	(22, 7, 10, 'F'),
	(23, 7, 5, 'P'),
	(24, 8, 14, 'F'),
	(25, 8, 9, 'F'),
	(26, 8, 4, 'F'),
	(27, 9, 13, 'F'),
	(28, 9, 8, 'F'),
	(29, 9, 3, 'P'),
	(30, 10, 12, 'P'),
	(31, 10, 7, 'P'),
	(32, 10, 2, 'F'),
	(33, 10, 1, 'P'),
	(34, 11, 15, 'F'),
	(35, 11, 10, 'P'),
	(36, 11, 5, 'P'),
	(37, 12, 14, 'P'),
	(38, 12, 9, 'F'),
	(39, 12, 4, 'F'),
	(40, 13, 16, 'F'),
	(41, 13, 11, 'P'),
	(42, 13, 6, 'F'),
	(43, 14, 13, 'F'),
	(44, 14, 8, 'F'),
	(45, 14, 3, 'P'),
	(46, 15, 12, 'F'),
	(47, 15, 7, 'P'),
	(48, 15, 2, 'F'),
	(49, 15, 1, 'F'),
	(50, 16, 14, 'P'),
	(51, 16, 9, 'F'),
	(52, 16, 4, 'F'),
	(53, 17, 15, 'P'),
	(54, 17, 10, 'F'),
	(55, 17, 5, 'F'),
	(56, 18, 16, 'P'),
	(57, 18, 11, 'F'),
	(58, 18, 6, 'F'),
	(59, 19, 13, 'F'),
	(60, 19, 8, 'P'),
	(61, 19, 3, 'F'),
	(62, 20, 12, 'P'),
	(63, 20, 7, 'F'),
	(64, 20, 2, 'P'),
	(65, 20, 1, 'P'),
	(66, 21, 14, 'F'),
	(67, 21, 9, 'F'),
	(68, 21, 4, 'F'),
	(69, 22, 15, 'P'),
	(70, 22, 10, 'P'),
	(71, 22, 5, 'P'),
	(72, 23, 16, 'F'),
	(73, 23, 11, 'P'),
	(74, 23, 6, 'F'),
	(75, 24, 12, 'F'),
	(76, 24, 7, 'P'),
	(77, 24, 2, 'F'),
	(78, 24, 1, 'P'),
	(79, 25, 13, 'P'),
	(80, 25, 8, 'F'),
	(81, 25, 3, 'P'),
	(82, 26, 14, 'F'),
	(83, 26, 9, 'P'),
	(84, 26, 4, 'P'),
	(85, 27, 15, 'F'),
	(86, 27, 10, 'F'),
	(87, 27, 5, 'P'),
	(88, 28, 16, 'P'),
	(89, 28, 11, 'F'),
	(90, 28, 6, 'P'),
	(91, 29, 12, 'F'),
	(92, 29, 7, 'P'),
	(93, 29, 2, 'P'),
	(94, 29, 1, 'P'),
	(95, 30, 13, 'F'),
	(96, 30, 8, 'F'),
	(97, 30, 3, 'F'),
	(98, 31, 14, 'F'),
	(99, 31, 9, 'F'),
	(100, 31, 4, 'F'),
	(101, 32, 15, 'F'),
	(102, 32, 10, 'P'),
	(103, 32, 5, 'P'),
	(104, 33, 16, 'P'),
	(105, 33, 11, 'P'),
	(106, 33, 6, 'F'),
	(107, 34, 12, 'F'),
	(108, 34, 7, 'P'),
	(109, 34, 2, 'P'),
	(110, 34, 1, 'P'),
	(111, 35, 13, 'F'),
	(112, 35, 8, 'F'),
	(113, 35, 3, 'F'),
	(114, 36, 14, 'P'),
	(115, 36, 9, 'P'),
	(116, 36, 4, 'F'),
	(117, 37, 15, 'F'),
	(118, 37, 10, 'F'),
	(119, 37, 5, 'F'),
	(120, 38, 16, 'F'),
	(121, 38, 11, 'F'),
	(122, 38, 6, 'P'),
	(123, 39, 12, 'P'),
	(124, 39, 7, 'F'),
	(125, 39, 2, 'F'),
	(126, 39, 1, 'P'),
	(127, 40, 13, 'F'),
	(128, 40, 8, 'F'),
	(129, 40, 3, 'F'),
	(130, 41, 14, 'F'),
	(131, 41, 9, 'F'),
	(132, 41, 4, 'P'),
	(133, 42, 15, 'F'),
	(134, 42, 10, 'F'),
	(135, 42, 5, 'P'),
	(136, 43, 16, 'P'),
	(137, 43, 11, 'P'),
	(138, 43, 6, 'P'),
	(139, 44, 12, 'P'),
	(140, 44, 7, 'F'),
	(141, 44, 2, 'F'),
	(142, 44, 1, 'P'),
	(143, 45, 13, 'P'),
	(144, 45, 8, 'P'),
	(145, 45, 3, 'P'),
	(146, 46, 14, 'F'),
	(147, 46, 9, 'P'),
	(148, 46, 4, 'F'),
	(149, 47, 15, 'P'),
	(150, 47, 10, 'P'),
	(151, 47, 5, 'F'),
	(152, 48, 16, 'P'),
	(153, 48, 11, 'F'),
	(154, 48, 6, 'P'),
	(155, 49, 12, 'P'),
	(156, 49, 7, 'F'),
	(157, 49, 2, 'P'),
	(158, 49, 1, 'F'),
	(159, 50, 13, 'F'),
	(160, 50, 8, 'F'),
	(161, 50, 3, 'F'),
	(162, 51, 14, 'F'),
	(163, 51, 9, 'F'),
	(164, 51, 4, 'F'),
	(165, 52, 15, 'P'),
	(166, 52, 10, 'F'),
	(167, 52, 5, 'P'),
	(168, 53, 16, 'F'),
	(169, 53, 11, 'P'),
	(170, 53, 6, 'P'),
	(171, 54, 12, 'P'),
	(172, 54, 7, 'F'),
	(173, 54, 2, 'F'),
	(174, 54, 1, 'P'),
	(175, 55, 13, 'F'),
	(176, 55, 8, 'P'),
	(177, 55, 3, 'P'),
	(178, 56, 14, 'P'),
	(179, 56, 9, 'P'),
	(180, 56, 4, 'F'),
	(181, 57, 15, 'F'),
	(182, 57, 10, 'F'),
	(183, 57, 5, 'F'),
	(184, 58, 16, 'F'),
	(185, 58, 11, 'P'),
	(186, 58, 6, 'P'),
	(187, 59, 12, 'F'),
	(188, 59, 7, 'F'),
	(189, 59, 2, 'F'),
	(190, 59, 1, 'F'),
	(191, 60, 13, 'P'),
	(192, 60, 8, 'P'),
	(193, 60, 3, 'F'),
	(194, 61, 14, 'P'),
	(195, 61, 9, 'F'),
	(196, 61, 4, 'F'),
	(197, 62, 15, 'P'),
	(198, 62, 10, 'P'),
	(199, 62, 5, 'P'),
	(200, 63, 16, 'P'),
	(201, 63, 11, 'P'),
	(202, 63, 6, 'P'),
	(203, 64, 12, 'F'),
	(204, 64, 7, 'F'),
	(205, 64, 2, 'F'),
	(206, 64, 1, 'F'),
	(207, 65, 13, 'F'),
	(208, 65, 8, 'P'),
	(209, 65, 3, 'P'),
	(210, 66, 14, 'P'),
	(211, 66, 9, 'F'),
	(212, 66, 4, 'P'),
	(213, 67, 15, 'F'),
	(214, 67, 10, 'P'),
	(215, 67, 5, 'P'),
	(216, 68, 16, 'F'),
	(217, 68, 11, 'P'),
	(218, 68, 6, 'F'),
	(219, 69, 12, 'P'),
	(220, 69, 7, 'F'),
	(221, 69, 2, 'P'),
	(222, 69, 1, 'P'),
	(223, 70, 13, 'P'),
	(224, 70, 8, 'P'),
	(225, 70, 3, 'P'),
	(226, 71, 14, 'P'),
	(227, 71, 9, 'P'),
	(228, 71, 4, 'P'),
	(229, 72, 15, 'F'),
	(230, 72, 10, 'P'),
	(231, 72, 5, 'F'),
	(232, 73, 16, 'F'),
	(233, 73, 11, 'F'),
	(234, 73, 6, 'P'),
	(235, 74, 12, 'F'),
	(236, 74, 7, 'F'),
	(237, 74, 2, 'F'),
	(238, 74, 1, 'F'),
	(239, 75, 13, 'P'),
	(240, 75, 8, 'F'),
	(241, 75, 3, 'F'),
	(242, 76, 14, 'P'),
	(243, 76, 9, 'F'),
	(244, 76, 4, 'P'),
	(245, 77, 15, 'P'),
	(246, 77, 10, 'F'),
	(247, 77, 5, 'P'),
	(248, 78, 16, 'F'),
	(249, 78, 11, 'F'),
	(250, 78, 6, 'F'),
	(251, 79, 12, 'P'),
	(252, 79, 7, 'F'),
	(253, 79, 2, 'F'),
	(254, 79, 1, 'P'),
	(255, 80, 13, 'F'),
	(256, 80, 8, 'P'),
	(257, 80, 3, 'P'),
	(258, 81, 14, 'F'),
	(259, 81, 9, 'P'),
	(260, 81, 4, 'F'),
	(261, 82, 15, 'P'),
	(262, 82, 10, 'F'),
	(263, 82, 5, 'F'),
	(264, 83, 16, 'F'),
	(265, 83, 11, 'P'),
	(266, 83, 6, 'F'),
	(267, 84, 12, 'P'),
	(268, 84, 7, 'F'),
	(269, 84, 2, 'F'),
	(270, 84, 1, 'F'),
	(271, 85, 13, 'F'),
	(272, 85, 8, 'F'),
	(273, 85, 3, 'P'),
	(274, 86, 14, 'P'),
	(275, 86, 9, 'P'),
	(276, 86, 4, 'F'),
	(277, 87, 15, 'P'),
	(278, 87, 10, 'F'),
	(279, 87, 5, 'P'),
	(280, 88, 16, 'P'),
	(281, 88, 11, 'P'),
	(282, 88, 6, 'P'),
	(283, 89, 12, 'F'),
	(284, 89, 7, 'P'),
	(285, 89, 2, 'F'),
	(286, 89, 1, 'P'),
	(287, 90, 13, 'F'),
	(288, 90, 8, 'F'),
	(289, 90, 3, 'P'),
	(290, 91, 14, 'P'),
	(291, 91, 9, 'F'),
	(292, 91, 4, 'P'),
	(293, 92, 15, 'P'),
	(294, 92, 10, 'P'),
	(295, 92, 5, 'F'),
	(296, 93, 16, 'F'),
	(297, 93, 11, 'F'),
	(298, 93, 6, 'F'),
	(299, 94, 12, 'P'),
	(300, 94, 7, 'F'),
	(301, 94, 2, 'P'),
	(302, 94, 1, 'F'),
	(303, 95, 13, 'F'),
	(304, 95, 8, 'P'),
	(305, 95, 3, 'P'),
	(306, 96, 14, 'P'),
	(307, 96, 9, 'F'),
	(308, 96, 4, 'P'),
	(309, 97, 15, 'P'),
	(310, 97, 10, 'F'),
	(311, 97, 5, 'F'),
	(312, 98, 16, 'P'),
	(313, 98, 11, 'P'),
	(314, 98, 6, 'F'),
	(315, 99, 12, 'F'),
	(316, 99, 7, 'F'),
	(317, 99, 2, 'F'),
	(318, 99, 1, 'P'),
	(319, 100, 13, 'P'),
	(320, 100, 8, 'P'),
	(321, 100, 3, 'P');
/*!40000 ALTER TABLE `registro_presenca` ENABLE KEYS */;

-- Copiando estrutura para tabela escolaoctogono.responsavel
CREATE TABLE IF NOT EXISTS `responsavel` (
  `idResponsavel` int NOT NULL AUTO_INCREMENT,
  `nome` varchar(255) NOT NULL,
  `email` varchar(255) NOT NULL,
  PRIMARY KEY (`idResponsavel`)
) ENGINE=MyISAM AUTO_INCREMENT=102 DEFAULT CHARSET=utf8mb3;

-- Copiando dados para a tabela escolaoctogono.responsavel: 100 rows
DELETE FROM `responsavel`;
/*!40000 ALTER TABLE `responsavel` DISABLE KEYS */;
INSERT INTO `responsavel` (`idResponsavel`, `nome`, `email`) VALUES
	(1, 'Rachel Rocha', 'rachelrocha@escolaoctogono.com'),
	(2, 'Fábio Moura', 'fábiomoura@escolaoctogono.com'),
	(3, 'Bianca Pereira', 'biancapereira@escolaoctogono.com'),
	(4, 'Sérgio Barbosa', 'sérgiobarbosa@escolaoctogono.com'),
	(5, 'Henrique Ribeiro', 'henriqueribeiro@escolaoctogono.com'),
	(6, 'Gustavo Mendes', 'gustavomendes@escolaoctogono.com'),
	(7, 'Daniela Cavalcanti', 'danielacavalcanti@escolaoctogono.com'),
	(8, 'Tânia Freitas', 'tâniafreitas@escolaoctogono.com'),
	(9, 'Paulo Souza', 'paulosouza@escolaoctogono.com'),
	(10, 'Bruno Silva', 'brunosilva@escolaoctogono.com'),
	(11, 'Amanda Oliveira', 'amandaoliveira@escolaoctogono.com'),
	(12, 'Márcia Santos', 'márciasantos@escolaoctogono.com'),
	(13, 'André Fernandes', 'andréfernandes@escolaoctogono.com'),
	(14, 'Marcelo Campos', 'marcelocampos@escolaoctogono.com'),
	(15, 'Fernanda Carvalho', 'fernandacarvalho@escolaoctogono.com'),
	(16, 'Bruno Lima', 'brunolima@escolaoctogono.com'),
	(17, 'Raquel Castro', 'raquelcastro@escolaoctogono.com'),
	(18, 'Leonardo Dias', 'leonardodias@escolaoctogono.com'),
	(19, 'Felipe Martins', 'felipemartins@escolaoctogono.com'),
	(20, 'Isabela Almeida', 'isabelaalmeida@escolaoctogono.com'),
	(21, 'Paulo Pinto', 'paulopinto@escolaoctogono.com'),
	(22, 'Sandra Siqueira', 'sandrasiqueira@escolaoctogono.com'),
	(23, 'Beatriz Rodrigues', 'beatrizrodrigues@escolaoctogono.com'),
	(24, 'Bruno Rocha', 'brunorocha@escolaoctogono.com'),
	(25, 'Cláudia Moura', 'cláudiamoura@escolaoctogono.com'),
	(26, 'Fernanda Pereira', 'fernandapereira@escolaoctogono.com'),
	(27, 'André Barbosa', 'andrébarbosa@escolaoctogono.com'),
	(28, 'Alexandre Ribeiro', 'alexandreribeiro@escolaoctogono.com'),
	(29, 'Tânia Mendes', 'tâniamendes@escolaoctogono.com'),
	(30, 'Paulo Cavalcanti', 'paulocavalcanti@escolaoctogono.com'),
	(31, 'Julia Freitas', 'juliafreitas@escolaoctogono.com'),
	(32, 'Lucas Souza', 'lucassouza@escolaoctogono.com'),
	(33, 'Rafael Silva', 'rafaelsilva@escolaoctogono.com'),
	(34, 'Letícia Oliveira', 'letíciaoliveira@escolaoctogono.com'),
	(35, 'Luciana Santos', 'lucianasantos@escolaoctogono.com'),
	(36, 'Rodrigo Fernandes', 'rodrigofernandes@escolaoctogono.com'),
	(37, 'Camila Campos', 'camilacampos@escolaoctogono.com'),
	(38, 'Patricia Carvalho', 'patriciacarvalho@escolaoctogono.com'),
	(39, 'Eduardo Lima', 'eduardolima@escolaoctogono.com'),
	(40, 'Sandra Castro', 'sandracastro@escolaoctogono.com'),
	(41, 'Gabriel Fernandes', 'gabrielfernandes@escolaoctogono.com'),
	(42, 'Sandra Campos', 'sandracampos@escolaoctogono.com'),
	(43, 'Sérgio Carvalho', 'sérgiocarvalho@escolaoctogono.com'),
	(44, 'Luciana Lima', 'lucianalima@escolaoctogono.com'),
	(45, 'Ana Castro', 'anacastro@escolaoctogono.com'),
	(46, 'Carlos Dias', 'carlosdias@escolaoctogono.com'),
	(47, 'Daniela Martins', 'danielamartins@escolaoctogono.com'),
	(48, 'Ricardo Almeida', 'ricardoalmeida@escolaoctogono.com'),
	(49, 'Fernanda Pinto', 'fernandapinto@escolaoctogono.com'),
	(50, 'Gabriel Siqueira', 'gabrielsiqueira@escolaoctogono.com'),
	(51, 'Lucas Castro', 'lucascastro@escolaoctogono.com'),
	(52, 'Fernanda Dias', 'fernandadias@escolaoctogono.com'),
	(53, 'Amanda Martins', 'amandamartins@escolaoctogono.com'),
	(54, 'Rodrigo Almeida', 'rodrigoalmeida@escolaoctogono.com'),
	(55, 'Leonardo Pinto', 'leonardopinto@escolaoctogono.com'),
	(56, 'Patricia Siqueira', 'patriciasiqueira@escolaoctogono.com'),
	(57, 'Eduardo Rodrigues', 'eduardorodrigues@escolaoctogono.com'),
	(58, 'Sandra Rocha', 'sandrarocha@escolaoctogono.com'),
	(59, 'Gustavo Moura', 'gustavomoura@escolaoctogono.com'),
	(60, 'Daniela Pereira', 'danielapereira@escolaoctogono.com'),
	(61, 'Sérgio Siqueira', 'sérgiosiqueira@escolaoctogono.com'),
	(62, 'Gustavo Rodrigues', 'gustavorodrigues@escolaoctogono.com'),
	(63, 'Sandra Rocha', 'sandrarocha2@escolaoctogono.com'),
	(64, 'Sandra Moura', 'sandramoura@escolaoctogono.com'),
	(65, 'Cláudia Pereira', 'cláudiapereira@escolaoctogono.com'),
	(66, 'Ana Barbosa', 'anabarbosa@escolaoctogono.com'),
	(67, 'Carlos Ribeiro', 'carlosribeiro@escolaoctogono.com'),
	(68, 'Daniela Mendes', 'danielamendes@escolaoctogono.com'),
	(69, 'Ricardo Cavalcanti', 'ricardocavalcanti@escolaoctogono.com'),
	(70, 'Fernanda Freitas', 'fernandafreitas@escolaoctogono.com'),
	(71, 'Paulo Barbosa', 'paulobarbosa@escolaoctogono.com'),
	(72, 'Lucas Ribeiro', 'lucasribeiro@escolaoctogono.com'),
	(73, 'Leonardo Mendes', 'leonardomendes@escolaoctogono.com'),
	(74, 'Tânia Cavalcanti', 'tâniacavalcanti@escolaoctogono.com'),
	(75, 'Ana Freitas', 'anafreitas@escolaoctogono.com'),
	(76, 'Carlos Souza', 'carlossouza@escolaoctogono.com'),
	(77, 'Daniela Silva', 'danielasilva@escolaoctogono.com'),
	(78, 'Ricardo Oliveira', 'ricardooliveira@escolaoctogono.com'),
	(79, 'Fernanda Santos', 'fernandasantos@escolaoctogono.com'),
	(80, 'Gabriel Fernandes', 'gabrielfernandes2@escolaoctogono.com'),
	(81, 'Letícia Freitas', 'letíciafreitas@escolaoctogono.com'),
	(82, 'Tânia Souza', 'tâniasouza@escolaoctogono.com'),
	(83, 'Bruno Silva', 'brunosilva2@escolaoctogono.com'),
	(84, 'Leonardo Oliveira', 'leonardooliveira@escolaoctogono.com'),
	(85, 'Raquel Santos', 'raquelsantos@escolaoctogono.com'),
	(86, 'Sérgio Fernandes', 'sérgiofernandes@escolaoctogono.com'),
	(87, 'Ana Campos', 'anacampos@escolaoctogono.com'),
	(88, 'Paulo Carvalho', 'paulocarvalho@escolaoctogono.com'),
	(89, 'André Lima', 'andrélima@escolaoctogono.com'),
	(90, 'Eduardo Castro', 'eduardocastro@escolaoctogono.com'),
	(91, 'Fábio Dias', 'fábiodias@escolaoctogono.com'),
	(92, 'Beatriz Martins', 'beatrizmartins@escolaoctogono.com'),
	(93, 'Raquel Almeida', 'raquelalmeida@escolaoctogono.com'),
	(94, 'Roberto Pinto', 'robertopinto@escolaoctogono.com'),
	(95, 'Bianca Siqueira', 'biancasiqueira@escolaoctogono.com'),
	(96, 'Luciana Rodrigues', 'lucianarodrigues@escolaoctogono.com'),
	(97, 'Julia Rocha', 'juliarocha@escolaoctogono.com'),
	(98, 'Gabriel Moura', 'gabrielmoura@escolaoctogono.com'),
	(99, 'Márcia Pereira', 'márciapereira@escolaoctogono.com'),
	(101, 'Letícia Rodrigues', 'letíciarodrigues@escolaoctogono.com');
/*!40000 ALTER TABLE `responsavel` ENABLE KEYS */;

-- Copiando estrutura para tabela escolaoctogono.responsavel_aluno
CREATE TABLE IF NOT EXISTS `responsavel_aluno` (
  `idResponsavelAluno` int NOT NULL AUTO_INCREMENT,
  `idResponsavel` int NOT NULL,
  `idAluno` int NOT NULL,
  PRIMARY KEY (`idResponsavelAluno`),
  KEY `FK_responsavel_aluno_responsavel` (`idResponsavel`),
  KEY `FK_responsavel_aluno_aluno` (`idAluno`)
) ENGINE=MyISAM AUTO_INCREMENT=102 DEFAULT CHARSET=utf8mb3;

-- Copiando dados para a tabela escolaoctogono.responsavel_aluno: 100 rows
DELETE FROM `responsavel_aluno`;
/*!40000 ALTER TABLE `responsavel_aluno` DISABLE KEYS */;
INSERT INTO `responsavel_aluno` (`idResponsavelAluno`, `idResponsavel`, `idAluno`) VALUES
	(1, 1, 1),
	(2, 2, 2),
	(3, 3, 3),
	(4, 4, 4),
	(5, 5, 5),
	(6, 6, 6),
	(7, 7, 7),
	(8, 8, 8),
	(9, 9, 9),
	(10, 10, 10),
	(11, 11, 11),
	(12, 12, 12),
	(13, 13, 13),
	(14, 14, 14),
	(15, 15, 15),
	(16, 16, 16),
	(17, 17, 17),
	(18, 18, 18),
	(19, 19, 19),
	(20, 20, 20),
	(21, 21, 21),
	(22, 22, 22),
	(23, 23, 23),
	(24, 24, 24),
	(25, 25, 25),
	(26, 26, 26),
	(27, 27, 27),
	(28, 28, 28),
	(29, 29, 29),
	(30, 30, 30),
	(31, 31, 31),
	(32, 32, 32),
	(33, 33, 33),
	(34, 34, 34),
	(35, 35, 35),
	(36, 36, 36),
	(37, 37, 37),
	(38, 38, 38),
	(39, 39, 39),
	(40, 40, 40),
	(41, 41, 41),
	(42, 42, 42),
	(43, 43, 43),
	(44, 44, 44),
	(45, 45, 45),
	(46, 46, 46),
	(47, 47, 47),
	(48, 48, 48),
	(49, 49, 49),
	(50, 50, 50),
	(51, 51, 51),
	(52, 52, 52),
	(53, 53, 53),
	(54, 54, 54),
	(55, 55, 55),
	(56, 56, 56),
	(57, 57, 57),
	(58, 58, 58),
	(59, 59, 59),
	(60, 60, 60),
	(61, 61, 61),
	(62, 62, 62),
	(63, 63, 63),
	(64, 64, 64),
	(65, 65, 65),
	(66, 66, 66),
	(67, 67, 67),
	(68, 68, 68),
	(69, 69, 69),
	(70, 70, 70),
	(71, 71, 71),
	(72, 72, 72),
	(73, 73, 73),
	(74, 74, 74),
	(75, 75, 75),
	(76, 76, 76),
	(77, 77, 77),
	(78, 78, 78),
	(79, 79, 79),
	(80, 80, 80),
	(81, 81, 81),
	(82, 82, 82),
	(83, 83, 83),
	(84, 84, 84),
	(85, 85, 85),
	(86, 86, 86),
	(87, 87, 87),
	(88, 88, 88),
	(89, 89, 89),
	(90, 90, 90),
	(91, 91, 91),
	(92, 92, 92),
	(93, 93, 93),
	(94, 94, 94),
	(95, 95, 95),
	(96, 96, 96),
	(97, 97, 97),
	(98, 98, 98),
	(99, 99, 99),
	(101, 101, 100);
/*!40000 ALTER TABLE `responsavel_aluno` ENABLE KEYS */;

-- Copiando estrutura para tabela escolaoctogono.serie
CREATE TABLE IF NOT EXISTS `serie` (
  `idSerie` int NOT NULL AUTO_INCREMENT,
  `ano` int NOT NULL,
  `nomeSerie` varchar(100) NOT NULL,
  `qtdeTurmas` int DEFAULT '0',
  `vagas` int DEFAULT '0',
  PRIMARY KEY (`idSerie`)
) ENGINE=MyISAM AUTO_INCREMENT=7 DEFAULT CHARSET=utf8mb3;

-- Copiando dados para a tabela escolaoctogono.serie: 5 rows
DELETE FROM `serie`;
/*!40000 ALTER TABLE `serie` DISABLE KEYS */;
INSERT INTO `serie` (`idSerie`, `ano`, `nomeSerie`, `qtdeTurmas`, `vagas`) VALUES
	(1, 2024, '1º ANO', 1, 25),
	(2, 2024, '2º ANO', 1, 25),
	(3, 2024, '3º ANO', 1, 25),
	(4, 2024, '4º ANO', 1, 25),
	(5, 2024, '5º ANO', 1, 25);
/*!40000 ALTER TABLE `serie` ENABLE KEYS */;

-- Copiando estrutura para tabela escolaoctogono.turma
CREATE TABLE IF NOT EXISTS `turma` (
  `idTurma` int NOT NULL AUTO_INCREMENT,
  `idSerie` int NOT NULL,
  `qtdAlunos` int DEFAULT NULL,
  `nome` varchar(100) DEFAULT NULL,
  `classe` varchar(10) DEFAULT NULL,
  PRIMARY KEY (`idTurma`),
  KEY `FK__serie` (`idSerie`)
) ENGINE=MyISAM AUTO_INCREMENT=8 DEFAULT CHARSET=utf8mb3;

-- Copiando dados para a tabela escolaoctogono.turma: 6 rows
DELETE FROM `turma`;
/*!40000 ALTER TABLE `turma` DISABLE KEYS */;
INSERT INTO `turma` (`idTurma`, `idSerie`, `qtdAlunos`, `nome`, `classe`) VALUES
	(1, 1, 25, '1º ANO A', 'A'),
	(2, 2, 25, '2º ANO A', 'A'),
	(3, 3, 25, '3º ANO A', 'A'),
	(4, 4, 25, '4º ANO A', 'A'),
	(5, 5, 25, '5º ANO A', 'A'),
	(7, 1, 25, '1º ANO B', 'B');
/*!40000 ALTER TABLE `turma` ENABLE KEYS */;

-- Copiando estrutura para tabela escolaoctogono.turma_professor
CREATE TABLE IF NOT EXISTS `turma_professor` (
  `idTurmaProfessor` int NOT NULL AUTO_INCREMENT,
  `idTurma` int DEFAULT NULL,
  `idProfessor` int DEFAULT NULL,
  PRIMARY KEY (`idTurmaProfessor`),
  KEY `FK__turma` (`idTurma`),
  KEY `FK__professor` (`idProfessor`)
) ENGINE=MyISAM AUTO_INCREMENT=17 DEFAULT CHARSET=utf8mb3;

-- Copiando dados para a tabela escolaoctogono.turma_professor: 15 rows
DELETE FROM `turma_professor`;
/*!40000 ALTER TABLE `turma_professor` DISABLE KEYS */;
INSERT INTO `turma_professor` (`idTurmaProfessor`, `idTurma`, `idProfessor`) VALUES
	(1, 1, 2),
	(2, 2, 4),
	(3, 3, 5),
	(4, 4, 6),
	(5, 5, 7),
	(6, 1, 1),
	(7, 2, 1),
	(8, 3, 1),
	(9, 4, 1),
	(10, 5, 1),
	(11, 1, 3),
	(12, 2, 3),
	(13, 3, 3),
	(14, 4, 3),
	(15, 5, 3);
/*!40000 ALTER TABLE `turma_professor` ENABLE KEYS */;

/*!40103 SET TIME_ZONE=IFNULL(@OLD_TIME_ZONE, 'system') */;
/*!40101 SET SQL_MODE=IFNULL(@OLD_SQL_MODE, '') */;
/*!40014 SET FOREIGN_KEY_CHECKS=IFNULL(@OLD_FOREIGN_KEY_CHECKS, 1) */;
/*!40101 SET CHARACTER_SET_CLIENT=@OLD_CHARACTER_SET_CLIENT */;
/*!40111 SET SQL_NOTES=IFNULL(@OLD_SQL_NOTES, 1) */;
